{"Acuracy_train": 0.9778177458033573, "Acuracy_test": 0.9735576923076923}