{"Acuracy_train": 0.7720833333333333, "Acuracy_test": 0.7786666666666666}