{"Acuracy_train": 0.915273132664437, "Acuracy_test": 0.8526785714285714}