{"Acuracy_train": 0.9319955406911928, "Acuracy_test": 0.8705357142857143}