{"Acuracy_train": 0.9964007198560288, "Acuracy_test": 0.9903846153846154}