{
    "Attacks": {
        "SA": {
            "Description": "AUC of shadow attack",
            "Perturbation Ratio: 0.5": {
                "m: 0": {
                    "RAA": {
                        "KNN with K = 2": {
                            "MEAN": [
                                0.508
                            ],
                            "STD": [
                                0.0060000000000000045
                            ]
                        },
                        "KNN with K = 5": {
                            "MEAN": [
                                0.5
                            ],
                            "STD": [
                                0.0
                            ]
                        },
                        "KNN with K = 8": {
                            "MEAN": [
                                0.49000000000000005
                            ],
                            "STD": [
                                5.551115123125783e-17
                            ]
                        }
                    }
                }
            }
        }
    }
}