{"Acuracy_train": 0.7835833333333333, "Acuracy_test": 0.7803333333333333}