{"Acuracy_train": 0.9454342984409799, "Acuracy_test": 0.8169642857142857}